{
  "conv4_early visual stream": {
    "layer": "conv4",
    "region": "early visual stream",
    "n_stimuli": 907,
    "n_folds": 5,
    "results": {
      "Spearman": {
        "full": 0.2838073050955072,
        "select": [
          0.23850238362243523,
          0.25591754838101516,
          0.2526281401872967,
          0.3464183760395666,
          0.3130726076751106
        ],
        "eval": [
          0.2926187968226674,
          0.28877577214287037,
          0.2918840709136518,
          0.2693173862266499,
          0.27572525182047114
        ]
      },
      "Kendall": {
        "full": 0.1921910236455656,
        "select": [
          0.16063940018291975,
          0.17297429564434363,
          0.17078846062456665,
          0.23661237678954278,
          0.2121357398804233
        ],
        "eval": [
          0.19838297267209276,
          0.1956159217531774,
          0.19777691838374342,
          0.18210782878942186,
          0.1866170650285907
        ]
      }
    }
  },
  "fc1_ventral visual stream": {
    "layer": "fc1",
    "region": "ventral visual stream",
    "n_stimuli": 907,
    "n_folds": 5,
    "results": {
      "Spearman": {
        "full": 0.2439369959421264,
        "select": [
          0.2542099637196864,
          0.23961350216448254,
          0.263745090505388,
          0.2515264038530553,
          0.23873416432825828
        ],
        "eval": [
          0.2429811432342418,
          0.2426850901105823,
          0.24101228787568799,
          0.24678563003042955,
          0.2482330939626982
        ]
      },
      "Kendall": {
        "full": 0.16412993364263373,
        "select": [
          0.1713054870739863,
          0.16121876292150727,
          0.17769757361102775,
          0.16932713331984914,
          0.16053726616398303
        ],
        "eval": [
          0.16348175341291815,
          0.1633094410901453,
          0.1620674780528453,
          0.16602817693137117,
          0.16714593598837177
        ]
      }
    }
  }
}